Trial,Latency_ns,RAM_Bytes,Throughput_bps
1,498088,13705216,1052601146.79
2,502458,13705216,1043446417.41
3,497366,13705216,1054129152.37
4,496773,13705216,1055387470.74
5,496255,13705216,1056489103.38
6,496032,13705216,1056964066.83
7,497921,13705216,1052954183.49
8,496662,13705216,1055623341.43
9,496477,13705216,1056016693.62
10,496254,13705216,1056491232.31
11,495995,13705216,1057042913.74
12,496143,13705216,1056727596.68
13,496088,13705216,1056844753.35
14,516921,13705216,1014251694.17
15,496643,13705216,1055663726.26
16,496032,13705216,1056964066.83
17,495995,13705216,1057042913.74
18,495977,13705216,1057081275.95
19,496051,13705216,1056923582.45
20,495847,13705216,1057358419.03
21,510791,13705216,1026423723.21
22,496217,13705216,1056570008.69
23,495550,13705216,1057992129.96
24,495736,13705216,1057595171.62
25,495829,13705216,1057396804.14
26,496032,13705216,1056964066.83
27,495570,13705216,1057949431.97
28,495458,13705216,1058188585.11
29,495958,13705216,1057121772.41
30,495699,13705216,1057674112.72
31,495755,13705216,1057554638.88
32,495643,13705216,1057793613.55
33,495810,13705216,1057437324.78
34,495810,13705216,1057437324.78
35,495977,13705216,1057081275.95
36,506643,13705216,1034827284.70
37,496107,13705216,1056804278.11
38,495754,13705216,1057556772.11
39,495551,13705216,1057989994.98
40,495643,13705216,1057793613.55
41,495643,13705216,1057793613.55
42,495921,13705216,1057200642.84
43,505421,13705216,1037329275.99
44,496329,13705216,1056331586.51
45,495847,13705216,1057358419.03
46,495810,13705216,1057437324.78
47,495625,13705216,1057832030.26
48,495736,13705216,1057595171.62
49,495699,13705216,1057674112.72
50,495625,13705216,1057832030.26
51,549587,13705216,953967251.77
52,497421,13709312,1054012596.98
53,496273,13709312,1056450784.15
54,496255,13709312,1056489103.38
55,495939,13709312,1057162271.97
56,496069,13709312,1056885231.69
57,495847,13709312,1057358419.03
58,507310,13709312,1033466716.60
59,495996,13709312,1057040782.59
60,495754,13709312,1057556772.11
61,495829,13709312,1057396804.14
62,495754,13709312,1057556772.11
63,495995,13709312,1057042913.74
64,495587,13709312,1057913141.39
65,506477,13709312,1035166453.76
66,495754,13709312,1057556772.11
67,495681,13709312,1057712520.75
68,495680,13709312,1057714654.62
69,495717,13709312,1057635707.47
70,495718,13709312,1057633573.93
71,495847,13709312,1057358419.03
72,495569,13709312,1057951566.78
73,504477,13709312,1039270373.08
74,495810,13709312,1057437324.78
75,495718,13709312,1057633573.93
76,495513,13709312,1058071130.32
77,495570,13709312,1057949431.97
78,496014,13709312,1057002423.32
79,496088,13709312,1056844753.35
80,504754,13709312,1038700040.02
81,495865,13709312,1057320036.70
82,496125,13709312,1056765936.00
83,495773,13709312,1057516242.31
84,495847,13709312,1057358419.03
85,495606,13709312,1057872584.27
86,495829,13709312,1057396804.14
87,504476,13709312,1039272433.18
88,495902,13709312,1057241148.45
89,495791,13709312,1057477848.53
90,495847,13709312,1057358419.03
91,495606,13709312,1057872584.27
92,495625,13709312,1057832030.26
93,495661,13709312,1057755199.62
94,496551,13709312,1055859317.57
95,504458,13709312,1039309516.35
96,495829,13709312,1057396804.14
97,495440,13709312,1058227030.52
98,495514,13709312,1058068995.02
99,495866,13709312,1057317904.43
100,495606,13709312,1057872584.27
101,495810,13709312,1057437324.78
102,503921,13709312,1040417049.50
103,496162,13709312,1056687130.41
104,495884,13709312,1057279525.05
105,495773,13709312,1057516242.31
106,495828,13709312,1057398936.73
107,495736,13709312,1057595171.62
108,495588,13709312,1057911006.72
109,495402,13709312,1058308202.23
110,496421,13709312,1056135820.20
111,495532,13709312,1058030561.09
112,495847,13709312,1057358419.03
113,495902,13709312,1057241148.45
114,495847,13709312,1057358419.03
115,495624,13709312,1057834164.61
116,495940,13713408,1057160140.34
117,506532,13717504,1035054053.84
118,495866,13717504,1057317904.43
119,495939,13717504,1057162271.97
120,495736,13717504,1057595171.62
121,495625,13717504,1057832030.26
122,495903,13717504,1057239016.50
123,495736,13717504,1057595171.62
124,504125,13717504,1039996032.73
125,495681,13717504,1057712520.75
126,495680,13717504,1057714654.62
127,495866,13717504,1057317904.43
128,495847,13717504,1057358419.03
129,495458,13717504,1058188585.11
130,495755,13717504,1057554638.88
131,495717,13717504,1057635707.47
132,505625,13717504,1036910754.02
133,496402,13717504,1056176244.25
134,495661,13717504,1057755199.62
135,495607,13717504,1057870449.77
136,495717,13717504,1057635707.47
137,495514,13717504,1058068995.02
138,495643,13717504,1057793613.55
139,504032,13717504,1040187924.58
140,495976,13717504,1057083407.26
141,495607,13717504,1057870449.77
142,495921,13717504,1057200642.84
143,495773,13717504,1057516242.31
144,495847,13717504,1057358419.03
145,495588,13717504,1057911006.72
146,503847,13717504,1040569855.53
147,496143,13717504,1056727596.68
148,495570,13717504,1057949431.97
149,495569,13717504,1057951566.78
150,495829,13717504,1057396804.14
151,495755,13717504,1057554638.88
152,495792,13717504,1057475715.62
153,495588,13717504,1057911006.72
154,504440,13717504,1039346602.17
155,495921,13717504,1057200642.84
156,495977,13717504,1057081275.95
157,495996,13717504,1057040782.59
158,495643,13717504,1057793613.55
159,495699,13717504,1057674112.72
160,495606,13717504,1057872584.27
161,503625,13717504,1041028543.06
162,495884,13717504,1057279525.05
163,495643,13717504,1057793613.55
164,495644,13717504,1057791479.37
165,495385,13717504,1058344519.92
166,495681,13717504,1057712520.75
167,495662,13717504,1057753065.60
168,495699,13717504,1057674112.72
169,517624,13717504,1012874209.85
170,496736,13717504,1055466082.59
171,495847,13717504,1057358419.03
172,495718,13717504,1057633573.93
173,496069,13717504,1056885231.69
174,496199,13717504,1056608336.57
175,496014,13717504,1057002423.32
176,505884,13717504,1036379881.55
177,497217,13717504,1054445041.10
178,495699,13717504,1057674112.72
179,495976,13717504,1057083407.26
180,496347,13721600,1056293278.69
181,496551,13725696,1055859317.57
182,496236,13725696,1056529554.49
183,507347,13725696,1033391347.54
184,496458,13725696,1056057108.56
185,496107,13725696,1056804278.11
186,495939,13725696,1057162271.97
187,496070,13725696,1056883101.18
188,496070,13725696,1056883101.18
189,495773,13725696,1057516242.31
190,505995,13725696,1036152531.15
191,496088,13725696,1056844753.35
192,495995,13725696,1057042913.74
193,495903,13725696,1057239016.50
194,495866,13725696,1057317904.43
195,495921,13725696,1057200642.84
196,495736,13725696,1057595171.62
197,495551,13725696,1057989994.98
198,504236,13725696,1039767093.19
199,496402,13725696,1056176244.25
200,496014,13725696,1057002423.32
201,495606,13725696,1057872584.27
202,495810,13725696,1057437324.78
203,495958,13725696,1057121772.41
204,496069,13725696,1056885231.69
205,506643,13725696,1034827284.70
206,496255,13725696,1056489103.38
207,495644,13725696,1057791479.37
208,495810,13725696,1057437324.78
209,495550,13725696,1057992129.96
210,495421,13725696,1058267614.82
211,495588,13725696,1057911006.72
212,495643,13725696,1057793613.55
213,495810,13725696,1057437324.78
214,495681,13725696,1057712520.75
215,495495,13725696,1058109567.20
216,495569,13725696,1057951566.78
217,495699,13725696,1057674112.72
218,495513,13725696,1058071130.32
219,495587,13725696,1057913141.39
220,503051,13725696,1042216395.55
221,496088,13725696,1056844753.35
222,495662,13725696,1057753065.60
223,495755,13725696,1057554638.88
224,495754,13725696,1057556772.11
225,495514,13725696,1058068995.02
226,495550,13725696,1057992129.96
227,505180,13725696,1037824141.89
228,496125,13725696,1056765936.00
229,495847,13725696,1057358419.03
230,495532,13725696,1058030561.09
231,495847,13725696,1057358419.03
232,495477,13725696,1058148006.87
233,495847,13725696,1057358419.03
234,495606,13725696,1057872584.27
235,503681,13725696,1040912799.97
236,496236,13725696,1056529554.49
237,495661,13725696,1057755199.62
238,495495,13725696,1058109567.20
239,495625,13725696,1057832030.26
240,495662,13725696,1057753065.60
241,495607,13725696,1057870449.77
242,506495,13729792,1035129665.64
243,496199,13729792,1056608336.57
244,495755,13733888,1057554638.88
245,495699,13733888,1057674112.72
246,495662,13733888,1057753065.60
247,495681,13733888,1057712520.75
248,495422,13733888,1058265478.72
249,503921,13733888,1040417049.50
250,495921,13733888,1057200642.84
251,495514,13733888,1058068995.02
252,495273,13733888,1058583851.73
253,495458,13733888,1058188585.11
254,495254,13733888,1058624463.41
255,495477,13733888,1058148006.87
256,495421,13733888,1058267614.82
257,507570,13733888,1032937328.84
258,496143,13733888,1056727596.68
259,495754,13733888,1057556772.11
260,495292,13733888,1058543243.18
261,495458,13733888,1058188585.11
262,495513,13733888,1058071130.32
263,495329,13733888,1058464172.30
264,503661,13733888,1040954133.83
265,495773,13733888,1057516242.31
266,495717,13733888,1057635707.47
267,495606,13733888,1057872584.27
268,495643,13733888,1057793613.55
269,495662,13733888,1057753065.60
270,495569,13733888,1057951566.78
271,495847,13733888,1057358419.03
272,503570,13733888,1041142244.38
273,495977,13733888,1057081275.95
274,495625,13733888,1057832030.26
275,495587,13733888,1057913141.39
276,495624,13733888,1057834164.61
277,495717,13733888,1057635707.47
278,495458,13733888,1058188585.11
279,503532,13733888,1041220816.15
280,495866,13733888,1057317904.43
281,495588,13733888,1057911006.72
282,495569,13733888,1057951566.78
283,495347,13733888,1058425709.65
284,495513,13733888,1058071130.32
285,495569,13733888,1057951566.78
286,503680,13733888,1040914866.58
287,495569,13733888,1057951566.78
288,495551,13733888,1057989994.98
289,495718,13733888,1057633573.93
290,495551,13733888,1057989994.98
291,495625,13733888,1057832030.26
292,495476,13733888,1058150142.49
293,495644,13733888,1057791479.37
294,504088,13733888,1040072368.32
295,495754,13733888,1057556772.11
296,495643,13733888,1057793613.55
297,495459,13733888,1058186449.33
298,495402,13733888,1058308202.23
299,495772,13733888,1057518375.38
300,495551,13733888,1057989994.98
301,503403,13733888,1041487635.16
302,495977,13733888,1057081275.95
303,495643,13733888,1057793613.55
304,495477,13733888,1058148006.87
305,495570,13733888,1057949431.97
306,495699,13737984,1057674112.72
307,495699,13737984,1057674112.72
308,495902,13742080,1057241148.45
309,495772,13742080,1057518375.38
310,495403,13742080,1058306065.97
311,495791,13742080,1057477848.53
312,495365,13742080,1058387249.81
313,495421,13742080,1058267614.82
314,495476,13742080,1058150142.49
315,495421,13742080,1058267614.82
316,504087,13742080,1040074431.60
317,495606,13742080,1057872584.27
318,495736,13742080,1057595171.62
319,495644,13742080,1057791479.37
320,495570,13742080,1057949431.97
321,495477,13742080,1058148006.87
322,495458,13742080,1058188585.11
323,504699,13742080,1038813233.23
324,495921,13742080,1057200642.84
325,495791,13742080,1057477848.53
326,495476,13742080,1058150142.49
327,495477,13742080,1058148006.87
328,495532,13742080,1058030561.09
329,495496,13742080,1058107431.75
330,495736,13742080,1057595171.62
331,503495,13742080,1041297331.65
332,495625,13742080,1057832030.26
333,495699,13742080,1057674112.72
334,495755,13742080,1057554638.88
335,495384,13742080,1058346656.33
336,495476,13742080,1058150142.49
337,495588,13742080,1057911006.72
338,508273,13742080,1031508657.75
339,495606,13742080,1057872584.27
340,495588,13742080,1057911006.72
341,495551,13742080,1057989994.98
342,495347,13742080,1058425709.65
343,495699,13742080,1057674112.72
344,495607,13742080,1057870449.77
345,503643,13742080,1040991337.12
346,495755,13742080,1057554638.88
347,495495,13742080,1058109567.20
348,495699,13742080,1057674112.72
349,495699,13742080,1057674112.72
350,495940,13742080,1057160140.34
351,495625,13742080,1057832030.26
352,495606,13742080,1057872584.27
353,503421,13742080,1041450396.39
354,495810,13742080,1057437324.78
355,495532,13742080,1058030561.09
356,495718,13742080,1057633573.93
357,495643,13742080,1057793613.55
358,495495,13742080,1058109567.20
359,495458,13742080,1058188585.11
360,503347,13742080,1041603506.13
361,495717,13742080,1057635707.47
362,497106,13742080,1054680490.68
363,500144,13742080,1048274097.06
364,496328,13742080,1056333714.80
365,495588,13742080,1057911006.72
366,495255,13742080,1058622325.87
367,495699,13742080,1057674112.72
368,497013,13742080,1054877840.22
369,496087,13742080,1056846883.71
370,496069,13746176,1056885231.69
371,495828,13746176,1057398936.73
372,496106,13750272,1056806408.31
373,496014,13750272,1057002423.32
374,495810,13750272,1057437324.78
375,581828,13750272,901104793.86
376,499273,13750272,1050102849.54
377,496921,13750272,1055073140.40
378,496996,13750272,1054913922.85
379,496161,13750272,1056689260.14
380,495754,13750272,1057556772.11
381,495866,13750272,1057317904.43
382,509866,13750272,1028285863.34
383,496939,13750272,1055034923.80
384,495976,13750272,1057083407.26
385,495847,13750272,1057358419.03
386,495866,13750272,1057317904.43
387,495847,13750272,1057358419.03
388,495939,13750272,1057162271.97
389,508162,13750272,1031733974.60
390,496402,13750272,1056176244.25
391,495847,13750272,1057358419.03
392,495884,13750272,1057279525.05
393,495717,13750272,1057635707.47
394,495625,13750272,1057832030.26
395,495569,13750272,1057951566.78
396,495496,13750272,1058107431.75
397,505161,13750272,1037863176.29
398,496070,13750272,1056883101.18
399,495699,13750272,1057674112.72
400,495736,13750272,1057595171.62
401,495606,13750272,1057872584.27
402,495736,13750272,1057595171.62
403,495570,13750272,1057949431.97
404,504236,13750272,1039767093.19
405,496273,13750272,1056450784.15
406,495680,13750272,1057714654.62
407,495736,13750272,1057595171.62
408,495495,13750272,1058109567.20
409,495588,13750272,1057911006.72
410,495680,13750272,1057714654.62
411,504069,13750272,1040111572.03
412,496162,13750272,1056687130.41
413,495921,13750272,1057200642.84
414,495607,13750272,1057870449.77
415,495681,13750272,1057712520.75
416,495754,13750272,1057556772.11
417,495773,13750272,1057516242.31
418,495514,13750272,1058068995.02
419,505773,13750272,1036607331.75
420,495829,13750272,1057396804.14
421,495699,13750272,1057674112.72
422,495458,13750272,1058188585.11
423,495588,13750272,1057911006.72
424,496014,13750272,1057002423.32
425,495440,13750272,1058227030.52
426,541291,13750272,968588060.77
427,496161,13750272,1056689260.14
428,495717,13750272,1057635707.47
429,496292,13750272,1056410339.07
430,495680,13750272,1057714654.62
431,495366,13750272,1058385113.23
432,495755,13750272,1057554638.88
433,505125,13750272,1037937144.27
434,496847,13754368,1055230282.16
435,496291,13754368,1056412467.69
436,496421,13758464,1056135820.20
437,496384,13758464,1056214543.58
438,495421,13758464,1058267614.82
439,495755,13758464,1057554638.88
440,495699,13758464,1057674112.72
441,508421,13758464,1031208388.32
442,496069,13758464,1056885231.69
443,495717,13758464,1057635707.47
444,495922,13758464,1057198511.06
445,495625,13758464,1057832030.26
446,495329,13758464,1058464172.30
447,495940,13758464,1057160140.34
448,507828,13758464,1032412549.13
449,495940,13758464,1057160140.34
450,495606,13758464,1057872584.27
451,495384,13758464,1058346656.33
452,495643,13758464,1057793613.55
453,495662,13758464,1057753065.60
454,495587,13758464,1057913141.39
455,495514,13758464,1058068995.02
456,496347,13758464,1056293278.69
457,495551,13758464,1057989994.98
458,495699,13758464,1057674112.72
459,495402,13758464,1058308202.23
460,495458,13758464,1058188585.11
461,495717,13758464,1057635707.47
462,495680,13758464,1057714654.62
463,504606,13758464,1039004688.81
464,495810,13758464,1057437324.78
465,495496,13758464,1058107431.75
466,495273,13758464,1058583851.73
467,495421,13758464,1058267614.82
468,495422,13758464,1058265478.72
469,495532,13758464,1058030561.09
470,504403,13758464,1039422842.45
471,496051,13758464,1056923582.45
472,496810,13758464,1055308870.59
473,495736,13758464,1057595171.62
474,495977,13758464,1057081275.95
475,495736,13758464,1057595171.62
476,495902,13758464,1057241148.45
477,495884,13758464,1057279525.05
478,506032,13758464,1036076769.85
479,496013,13758464,1057004554.32
480,495587,13758464,1057913141.39
481,495643,13758464,1057793613.55
482,495625,13758464,1057832030.26
483,495625,13758464,1057832030.26
484,495662,13758464,1057753065.60
485,504624,13758464,1038967627.38
486,495588,13758464,1057911006.72
487,495569,13758464,1057951566.78
488,495829,13758464,1057396804.14
489,495958,13758464,1057121772.41
490,495513,13758464,1058071130.32
491,495606,13758464,1057872584.27
492,504162,13758464,1039919708.35
493,496255,13758464,1056489103.38
494,495717,13758464,1057635707.47
495,495384,13758464,1058346656.33
496,495643,13758464,1057793613.55
497,496217,13762560,1056570008.69
498,495847,13762560,1057358419.03
499,495662,13766656,1057753065.60
500,506180,13766656,1035773835.39
501,495810,13766656,1057437324.78
502,495773,13766656,1057516242.31
503,495366,13766656,1058385113.23
504,495606,13766656,1057872584.27
505,495403,13766656,1058306065.97
506,495755,13766656,1057554638.88
507,505477,13766656,1037214353.97
508,495698,13766656,1057676246.42
509,495533,13766656,1058028425.96
510,495421,13766656,1058267614.82
511,495699,13766656,1057674112.72
512,495699,13766656,1057674112.72
513,495403,13766656,1058306065.97
514,495347,13766656,1058425709.65
515,495958,13766656,1057121772.41
516,496014,13766656,1057002423.32
517,496181,13766656,1056646667.24
518,497514,13766656,1053815571.02
519,497551,13766656,1053737204.83
520,496310,13766656,1056372025.55
521,495458,13766656,1058188585.11
522,512662,13774848,1022677709.68
523,498384,13774848,1051975986.39
524,495865,13774848,1057320036.70
525,495569,13774848,1057951566.78
526,495680,13774848,1057714654.62
527,495551,13774848,1057989994.98
528,495347,13774848,1058425709.65
529,507162,13774848,1033768302.83
530,496162,13774848,1056687130.41
531,495607,13774848,1057870449.77
532,495791,13774848,1057477848.53
533,495569,13774848,1057951566.78
534,495458,13774848,1058188585.11
535,495847,13774848,1057358419.03
536,496384,13774848,1056214543.58
537,496551,13774848,1055859317.57
538,495570,13774848,1057949431.97
539,495717,13774848,1057635707.47
540,495347,13774848,1058425709.65
541,495736,13774848,1057595171.62
542,495348,13774848,1058423572.92
543,495329,13774848,1058464172.30
544,504680,13774848,1038852342.08
545,495847,13774848,1057358419.03
546,495569,13774848,1057951566.78
547,495458,13774848,1058188585.11
548,496032,13774848,1056964066.83
549,495513,13774848,1058071130.32
550,495754,13774848,1057556772.11
551,505773,13774848,1036607331.75
552,495884,13774848,1057279525.05
553,495773,13774848,1057516242.31
554,495718,13774848,1057633573.93
555,495644,13774848,1057791479.37
556,495643,13774848,1057793613.55
557,495754,13774848,1057556772.11
558,495903,13774848,1057239016.50
559,504181,13774848,1039880519.10
560,495755,13774848,1057554638.88
561,496199,13778944,1056608336.57
562,495661,13778944,1057755199.62
563,496161,13783040,1056689260.14
564,495847,13783040,1057358419.03
565,495865,13783040,1057320036.70
566,510106,13783040,1027802064.67
567,495995,13783040,1057042913.74
568,495680,13783040,1057714654.62
569,495514,13783040,1058068995.02
570,495385,13783040,1058344519.92
571,495699,13783040,1057674112.72
572,495569,13783040,1057951566.78
573,509977,13783040,1028062049.86
574,496032,13783040,1056964066.83
575,495865,13783040,1057320036.70
576,495625,13783040,1057832030.26
577,495754,13783040,1057556772.11
578,495940,13783040,1057160140.34
579,495810,13783040,1057437324.78
580,495606,13783040,1057872584.27
581,527680,13783040,993571861.73
582,496606,13783040,1055742379.27
583,495958,13783040,1057121772.41
584,495866,13783040,1057317904.43
585,496033,13783040,1056961936.00
586,495681,13783040,1057712520.75
587,495736,13783040,1057595171.62
588,505607,13783040,1036947668.84
589,495940,13783040,1057160140.34
590,495755,13783040,1057554638.88
591,495922,13783040,1057198511.06
592,495791,13783040,1057477848.53
593,495884,13783040,1057279525.05
594,495977,13783040,1057081275.95
595,504347,13783040,1039538254.42
596,496088,13783040,1056844753.35
597,496273,13783040,1056450784.15
598,495644,13783040,1057791479.37
599,495754,13783040,1057556772.11
600,495810,13783040,1057437324.78
601,495717,13783040,1057635707.47
602,495810,13783040,1057437324.78
603,504051,13783040,1040148715.11
604,495810,13783040,1057437324.78
605,495995,13783040,1057042913.74
606,495513,13783040,1058071130.32
607,495570,13783040,1057949431.97
608,495625,13783040,1057832030.26
609,495569,13783040,1057951566.78
610,505402,13783040,1037368273.18
611,495940,13783040,1057160140.34
612,495717,13783040,1057635707.47
613,495680,13783040,1057714654.62
614,495681,13783040,1057712520.75
615,495606,13783040,1057872584.27
616,495977,13783040,1057081275.95
617,495755,13783040,1057554638.88
618,496588,13783040,1055780647.14
619,496070,13783040,1056883101.18
620,495569,13783040,1057951566.78
621,495865,13783040,1057320036.70
622,495977,13783040,1057081275.95
623,495421,13783040,1058267614.82
624,495643,13783040,1057793613.55
625,505625,13787136,1036910754.02
626,496106,13787136,1056806408.31
627,496070,13791232,1056883101.18
628,495884,13791232,1057279525.05
629,495976,13791232,1057083407.26
630,495625,13791232,1057832030.26
631,496106,13791232,1056806408.31
632,504921,13791232,1038356495.37
633,496551,13791232,1055859317.57
634,495773,13791232,1057516242.31
635,495699,13791232,1057674112.72
636,495754,13791232,1057556772.11
637,495810,13791232,1057437324.78
638,495681,13791232,1057712520.75
639,495644,13791232,1057791479.37
640,507458,13791232,1033165306.29
641,496088,13791232,1056844753.35
642,495884,13791232,1057279525.05
643,495717,13791232,1057635707.47
644,495569,13791232,1057951566.78
645,495755,13791232,1057554638.88
646,495495,13791232,1058109567.20
647,504680,13791232,1038852342.08
648,496255,13791232,1056489103.38
649,495828,13791232,1057398936.73
650,495588,13791232,1057911006.72
651,495384,13791232,1058346656.33
652,495550,13791232,1057992129.96
653,495588,13791232,1057911006.72
654,503699,13791232,1040875602.29
655,495976,13791232,1057083407.26
656,495699,13791232,1057674112.72
657,495643,13791232,1057793613.55
658,495587,13791232,1057913141.39
659,495996,13791232,1057040782.59
660,495662,13791232,1057753065.60
661,495976,13791232,1057083407.26
662,503329,13791232,1041640755.85
663,495680,13791232,1057714654.62
664,495606,13791232,1057872584.27
665,495569,13791232,1057951566.78
666,495718,13791232,1057633573.93
667,495847,13791232,1057358419.03
668,495606,13791232,1057872584.27
669,503440,13791232,1041411091.69
670,496013,13791232,1057004554.32
671,495755,13791232,1057554638.88
672,495588,13791232,1057911006.72
673,495477,13791232,1058148006.87
674,495513,13791232,1058071130.32
675,495662,13791232,1057753065.60
676,503440,13791232,1041411091.69
677,495847,13791232,1057358419.03
678,495958,13791232,1057121772.41
679,495735,13791232,1057597305.01
680,496033,13791232,1056961936.00
681,495661,13791232,1057755199.62
682,495718,13791232,1057633573.93
683,495977,13791232,1057081275.95
684,503755,13791232,1040759893.20
685,495828,13791232,1057398936.73
686,495551,13791232,1057989994.98
687,495644,13791232,1057791479.37
688,495440,13791232,1058227030.52
689,495755,13795328,1057554638.88
690,495902,13795328,1057241148.45
691,505218,13799424,1037746081.89
692,496180,13799424,1056648796.81
693,496014,13799424,1057002423.32
694,495755,13799424,1057554638.88
695,495550,13799424,1057992129.96
696,495884,13799424,1057279525.05
697,495699,13799424,1057674112.72
698,495422,13799424,1058265478.72
699,496366,13799424,1056252845.68
700,495698,13799424,1057676246.42
701,495847,13799424,1057358419.03
702,495699,13799424,1057674112.72
703,495551,13799424,1057989994.98
704,495440,13799424,1058227030.52
705,495866,13799424,1057317904.43
706,505681,13799424,1036795924.70
707,495977,13799424,1057081275.95
708,495810,13799424,1057437324.78
709,495532,13799424,1058030561.09
710,496014,13799424,1057002423.32
711,495847,13799424,1057358419.03
712,495588,13799424,1057911006.72
713,503421,13799424,1041450396.39
714,496014,13799424,1057002423.32
715,495607,13799424,1057870449.77
716,495588,13799424,1057911006.72
717,495644,13799424,1057791479.37
718,495772,13799424,1057518375.38
719,495866,13799424,1057317904.43
720,495662,13799424,1057753065.60
721,503550,13799424,1041183596.47
722,496032,13799424,1056964066.83
723,495717,13799424,1057635707.47
724,495736,13799424,1057595171.62
725,495792,13799424,1057475715.62
726,495699,13799424,1057674112.72
727,495791,13799424,1057477848.53
728,503828,13799424,1040609096.76
729,496477,13799424,1056016693.62
730,495772,13799424,1057518375.38
731,495865,13799424,1057320036.70
732,496180,13799424,1056648796.81
733,496014,13799424,1057002423.32
734,495810,13799424,1057437324.78
735,503477,13799424,1041334559.47
736,495829,13799424,1057396804.14
737,495791,13799424,1057477848.53
738,495569,13799424,1057951566.78
739,495643,13799424,1057793613.55
740,495717,13799424,1057635707.47
741,495570,13799424,1057949431.97
742,495699,13799424,1057674112.72
743,503550,13799424,1041183596.47
744,496254,13799424,1056491232.31
745,495569,13799424,1057951566.78
746,495847,13799424,1057358419.03
747,495792,13799424,1057475715.62
748,495699,13799424,1057674112.72
749,495921,13799424,1057200642.84
750,503292,13799424,1041717333.08
751,495976,13799424,1057083407.26
752,495995,13803520,1057042913.74
753,495699,13803520,1057674112.72
754,496032,13807616,1056964066.83
755,495662,13807616,1057753065.60
756,495681,13807616,1057712520.75
757,495477,13807616,1058148006.87
758,517180,13807616,1013743764.26
759,496736,13807616,1055466082.59
760,495699,13807616,1057674112.72
761,495477,13807616,1058148006.87
762,496181,13811712,1056646667.24
763,495496,13811712,1058107431.75
764,495643,13811712,1057793613.55
765,504236,13811712,1039767093.19
766,495810,13811712,1057437324.78
767,495513,13811712,1058071130.32
768,495328,13811712,1058466309.19
769,495569,13811712,1057951566.78
770,495569,13811712,1057951566.78
771,495736,13811712,1057595171.62
772,504662,13811712,1038889395.28
773,496106,13811712,1056806408.31
774,495606,13811712,1057872584.27
775,495681,13811712,1057712520.75
776,495884,13811712,1057279525.05
777,495607,13811712,1057870449.77
778,495736,13811712,1057595171.62
779,495570,13811712,1057949431.97
780,503476,13811712,1041336627.76
781,495866,13811712,1057317904.43
782,495680,13811712,1057714654.62
783,495773,13811712,1057516242.31
784,495551,13811712,1057989994.98
785,495754,13811712,1057556772.11
786,495607,13811712,1057870449.77
787,503477,13811712,1041334559.47
788,495532,13811712,1058030561.09
789,495550,13811712,1057992129.96
790,495570,13811712,1057949431.97
791,495347,13811712,1058425709.65
792,495569,13811712,1057951566.78
793,495384,13811712,1058346656.33
794,509847,13811712,1028324183.53
795,495995,13811712,1057042913.74
796,495829,13811712,1057396804.14
797,495588,13811712,1057911006.72
798,495699,13811712,1057674112.72
799,495791,13811712,1057477848.53
800,495514,13811712,1058068995.02
801,495385,13811712,1058344519.92
802,535754,13811712,978598386.57
803,496180,13811712,1056648796.81
804,495736,13811712,1057595171.62
805,495884,13811712,1057279525.05
806,495532,13811712,1058030561.09
807,495402,13811712,1058308202.23
808,495551,13811712,1057989994.98
809,504087,13811712,1040074431.60
810,495699,13811712,1057674112.72
811,495699,13811712,1057674112.72
812,495403,13811712,1058306065.97
813,495791,13811712,1057477848.53
814,495532,13811712,1058030561.09
815,495587,13811712,1057913141.39
816,495884,13815808,1057279525.05
817,495939,13815808,1057162271.97
818,495958,13819904,1057121772.41
819,495717,13819904,1057635707.47
820,495773,13819904,1057516242.31
821,495514,13819904,1058068995.02
822,495440,13819904,1058227030.52
823,495532,13819904,1058030561.09
824,503717,13819904,1040838407.28
825,495940,13819904,1057160140.34
826,495422,13819904,1058265478.72
827,495532,13819904,1058030561.09
828,495570,13819904,1057949431.97
829,495587,13819904,1057913141.39
830,495329,13819904,1058464172.30
831,505736,13819904,1036683170.67
832,495718,13819904,1057633573.93
833,495569,13819904,1057951566.78
834,495533,13819904,1058028425.96
835,495551,13819904,1057989994.98
836,495514,13819904,1058068995.02
837,495736,13819904,1057595171.62
838,495384,13819904,1058346656.33
839,502977,13819904,1042369730.62
840,495718,13819904,1057633573.93
841,495754,13819904,1057556772.11
842,495717,13819904,1057635707.47
843,495662,13819904,1057753065.60
844,495847,13819904,1057358419.03
845,495773,13819904,1057516242.31
846,503144,13819904,1042023754.63
847,495976,13819904,1057083407.26
848,495810,13819904,1057437324.78
849,495773,13819904,1057516242.31
850,495625,13819904,1057832030.26
851,495625,13819904,1057832030.26
852,495847,13819904,1057358419.03
853,503236,13819904,1041833255.17
854,495810,13819904,1057437324.78
855,495403,13819904,1058306065.97
856,495384,13819904,1058346656.33
857,495680,13819904,1057714654.62
858,495569,13819904,1057951566.78
859,495458,13819904,1058188585.11
860,495476,13819904,1058150142.49
861,503309,13819904,1041682147.55
862,495773,13819904,1057516242.31
863,495810,13819904,1057437324.78
864,495736,13819904,1057595171.62
865,495384,13819904,1058346656.33
866,495587,13819904,1057913141.39
867,495588,13819904,1057911006.72
868,503069,13819904,1042179104.66
869,495792,13819904,1057475715.62
870,495439,13819904,1058229166.46
871,495754,13819904,1057556772.11
872,495625,13819904,1057832030.26
873,495625,13819904,1057832030.26
874,495810,13819904,1057437324.78
875,495792,13819904,1057475715.62
876,496421,13819904,1056135820.20
877,496106,13819904,1056806408.31
878,495513,13819904,1058071130.32
879,495791,13819904,1057477848.53
880,496106,13824000,1056806408.31
881,495866,13824000,1057317904.43
882,495717,13828096,1057635707.47
883,503810,13828096,1040646275.38
884,495921,13828096,1057200642.84
885,495625,13828096,1057832030.26
886,495643,13828096,1057793613.55
887,495884,13828096,1057279525.05
888,495607,13828096,1057870449.77
889,495755,13828096,1057554638.88
890,503291,13828096,1041719402.89
891,495977,13828096,1057081275.95
892,495718,13828096,1057633573.93
893,496069,13828096,1056885231.69
894,495884,13828096,1057279525.05
895,495681,13828096,1057712520.75
896,495791,13828096,1057477848.53
897,495718,13828096,1057633573.93
898,504514,13828096,1039194155.17
899,495903,13828096,1057239016.50
900,495624,13828096,1057834164.61
901,495755,13828096,1057554638.88
902,495829,13828096,1057396804.14
903,495588,13828096,1057911006.72
904,495662,13828096,1057753065.60
905,503181,13828096,1041947132.34
906,496125,13828096,1056765936.00
907,495903,13828096,1057239016.50
908,495643,13828096,1057793613.55
909,495662,13828096,1057753065.60
910,495643,13828096,1057793613.55
911,495533,13828096,1058028425.96
912,503125,13828096,1042063105.59
913,495718,13828096,1057633573.93
914,495662,13828096,1057753065.60
915,495810,13828096,1057437324.78
916,495792,13828096,1057475715.62
917,495792,13828096,1057475715.62
918,495699,13828096,1057674112.72
919,495736,13828096,1057595171.62
920,503236,13828096,1041833255.17
921,495699,13828096,1057674112.72
922,495865,13828096,1057320036.70
923,495736,13828096,1057595171.62
924,495921,13828096,1057200642.84
925,495514,13828096,1058068995.02
926,495551,13828096,1057989994.98
927,503384,13828096,1041526945.63
928,495587,13828096,1057913141.39
929,495754,13828096,1057556772.11
930,495606,13828096,1057872584.27
931,495976,13828096,1057083407.26
932,495606,13828096,1057872584.27
933,495366,13828096,1058385113.23
934,495328,13828096,1058466309.19
935,503421,13828096,1041450396.39
936,495533,13828096,1058028425.96
937,495588,13828096,1057911006.72
938,495643,13828096,1057793613.55
939,495662,13828096,1057753065.60
940,495551,13828096,1057989994.98
941,495661,13828096,1057755199.62
942,505513,13828096,1037140488.97
943,495903,13828096,1057239016.50
944,496069,13832192,1056885231.69
945,495810,13832192,1057437324.78
946,496255,13836288,1056489103.38
947,495866,13836288,1057317904.43
948,495625,13836288,1057832030.26
949,504255,13836288,1039727915.44
950,495791,13836288,1057477848.53
951,495717,13836288,1057635707.47
952,495995,13836288,1057042913.74
953,495644,13836288,1057791479.37
954,495717,13836288,1057635707.47
955,495829,13836288,1057396804.14
956,495607,13836288,1057870449.77
957,503588,13836288,1041105030.30
958,495902,13836288,1057241148.45
959,495736,13836288,1057595171.62
960,495570,13836288,1057949431.97
961,495402,13836288,1058308202.23
962,495550,13836288,1057992129.96
963,495699,13836288,1057674112.72
964,503143,13836288,1042025825.66
965,496051,13836288,1056923582.45
966,495903,13836288,1057239016.50
967,495587,13836288,1057913141.39
968,495809,13836288,1057439457.53
969,495588,13836288,1057911006.72
970,495699,13836288,1057674112.72
971,495607,13836288,1057870449.77
972,496014,13836288,1057002423.32
973,495607,13836288,1057870449.77
974,495792,13836288,1057475715.62
975,495551,13836288,1057989994.98
976,495588,13836288,1057911006.72
977,495736,13836288,1057595171.62
978,495551,13836288,1057989994.98
979,503550,13836288,1041183596.47
980,496033,13836288,1056961936.00
981,495976,13836288,1057083407.26
982,495458,13836288,1058188585.11
983,495607,13836288,1057870449.77
984,495810,13836288,1057437324.78
985,495791,13836288,1057477848.53
986,503329,13836288,1041640755.85
987,495958,13836288,1057121772.41
988,495644,13836288,1057791479.37
989,495476,13836288,1058150142.49
990,495569,13836288,1057951566.78
991,495736,13836288,1057595171.62
992,495551,13836288,1057989994.98
993,495717,13836288,1057635707.47
994,504218,13836288,1039804211.67
995,495754,13836288,1057556772.11
996,495717,13836288,1057635707.47
997,495662,13836288,1057753065.60
998,495606,13836288,1057872584.27
999,495569,13836288,1057951566.78
1000,495810,13836288,1057437324.78
